{
  "x": 220.0,
  "y": 658.2552985744109,
  "w": 175.83133547706333,
  "h": 50.0,
  "z": 3,
  "species": "cil-arrow-right",
  "epoch": 0
}