{
  "x": 220.0,
  "y": 68.96739072769661,
  "w": 242.07297602582844,
  "h": 50.0,
  "z": 3,
  "species": "cil-vector",
  "epoch": 0
}