{
  "x": 230,
  "y": 470,
  "w": 229.25076806838226,
  "h": 48.06517789325758,
  "z": 3,
  "species": "cil-bolt",
  "epoch": 99
}