{
  "x": 230.0,
  "y": 471.01280544552475,
  "w": 222.4895901173301,
  "h": 47.832975822211345,
  "z": 3,
  "species": "cil-bolt",
  "epoch": 0
}