{
  "x": 96.7532222483888,
  "y": 227.0166112884575,
  "w": 160,
  "h": 50,
  "z": 5.0,
  "species": "cil-vector",
  "epoch": 0
}