{
  "x": 220.0,
  "y": 170.63129035618294,
  "w": 263.7369087839151,
  "h": 50.0,
  "z": 5,
  "species": "cil-vector",
  "epoch": 0
}