{
  "add_norm2": {
    "dx": -0.0206663692298797,
    "dy": -71.31083965386506,
    "dz": 0
  },
  "self_attn": {
    "dx": 0.0,
    "dy": 15.158722507768507,
    "dz": 0
  },
  "input_embed": {
    "dx": 0.0,
    "dy": 28.97664639816238,
    "dz": 0
  },
  "add_norm1": {
    "dx": -1.45084242629255,
    "dy": 72.83813181971941,
    "dz": 0
  },
  "pos_encode": {
    "dx": 0.0,
    "dy": 21.076694116805363,
    "dz": 0
  },
  "ffn": {
    "dx": -0.10791653364033564,
    "dy": 1.187081870043692,
    "dz": 0
  },
  "output": {
    "dx": 0.0,
    "dy": -16.741109801121954,
    "dz": 0
  }
}