{
  "add_norm2": {
    "dx": -0.02029170115109372,
    "dy": -71.37871854124676,
    "dz": 0
  },
  "self_attn": {
    "dx": 0.00036317405471928587,
    "dy": 15.14279820921049,
    "dz": 0
  },
  "input_embed": {
    "dx": 0.0,
    "dy": 28.978625244785867,
    "dz": 0
  },
  "add_norm1": {
    "dx": -1.452262935711981,
    "dy": 72.91954771530378,
    "dz": 0
  },
  "pos_encode": {
    "dx": 0.00036317405471928587,
    "dy": 21.063231297708867,
    "dz": 0
  },
  "ffn": {
    "dx": -0.10760221360297398,
    "dy": 1.1872903106759538,
    "dz": 0
  },
  "output": {
    "dx": 5.173193844848232e-06,
    "dy": -16.727446978925872,
    "dz": 0
  }
}