{
  "add_norm2": {
    "dx": 0.0,
    "dy": -71.46105939011466,
    "dz": 0
  },
  "self_attn": {
    "dx": 0.0,
    "dy": 15.162314132235723,
    "dz": 0
  },
  "input_embed": {
    "dx": 0.0,
    "dy": 28.96739072769661,
    "dz": 0
  },
  "add_norm1": {
    "dx": 0.0,
    "dy": 73.41437832009079,
    "dz": 0
  },
  "pos_encode": {
    "dx": 0.0,
    "dy": 20.63129035618293,
    "dz": 0
  },
  "ffn": {
    "dx": 0.0,
    "dy": 1.012805445524774,
    "dz": 0
  },
  "output": {
    "dx": 0.0,
    "dy": -16.74470142558917,
    "dz": 0
  }
}