{
  "x": 230,
  "y": 575,
  "w": 210.31878696296783,
  "h": 41.62274123760695,
  "z": 5,
  "species": "cil-plus",
  "epoch": 99
}