{
  "x": 230.0,
  "y": 503.53894060988534,
  "w": 204.99179827426005,
  "h": 41.499810729406,
  "z": 5,
  "species": "cil-plus",
  "epoch": 0
}