{
  "x": 220.0,
  "y": 275.16231413223574,
  "w": 286.6506838165068,
  "h": 54.166140915016676,
  "z": 3,
  "species": "cil-eye",
  "epoch": 0
}