{
  "x": 343.2467777516112,
  "y": 182.9833887115425,
  "w": 160,
  "h": 50,
  "z": 3.0,
  "species": "cil-eye",
  "epoch": 0
}