{
  "x": 220,
  "y": 260,
  "w": 297.0314822868091,
  "h": 54.5076145489082,
  "z": 3,
  "species": "cil-eye",
  "epoch": 99
}