{
  "x": 230.0,
  "y": 443.4143783200908,
  "w": 204.99179827426005,
  "h": 41.499810729406,
  "z": 5,
  "species": "cil-plus",
  "epoch": 0
}